id,title,publication,date,year,month,content,_c10,_c11,_c12,_c13,_c14,_c15,_c16,_c17,_c18,_c19,_c20,_c21,_c22,_c23,_c24,_c25,_c26,_c27,_c28,_c29,_c30,_c31,_c32,_c33,_c34,_c35,_c36,_c37,_c38,_c39,_c40,_c41,_c42,_c43,_c44,_c45,_c46,_c47,_c48,_c49,_c50,_c51,_c52,_c53,_c54,_c55,_c56,_c57,_c58,_c59,_c60,_c61,_c62,_c63,_c64,_c65,_c66,_c67,_c68,_c69,_c70,_c71,_c72,_c73,_c74,_c75,_c76,_c77,_c78,_c79,_c80,_c81,_c82,_c83,_c84,_c85,_c86,_c87,_c88,_c89,_c90,_c91,_c92,_c93,_c94,_c95,_c96,_c97,_c98,_c99,_c100,_c101,_c102,_c103,_c104,_c105,_c106,_c107,_c108,_c109,_c110,_c111,_c112,_c113,_c114,_c115,_c116,_c117,_c118,_c119,_c120,_c121,_c122,_c123,_c124,_c125,_c126,_c127,_c128,_c129,_c130,_c131,_c132,_c133,_c134,_c135,_c136,_c137,_c138,_c139,_c140,_c141,_c142,_c143,_c144,_c145,_c146,_c147,_c148,_c149,_c150,_c151,_c152,_c153,_c154,_c155,_c156,_c157,_c158,_c159,_c160,_c161,_c162,_c163,_c164,_c165,_c166,_c167,_c168,_c169,_c170,_c171,_c172,_c173,_c174,_c175,_c176,_c177,_c178,_c179,_c180,_c181,_c182,_c183,_c184,_c185,_c186,_c187,_c188,_c189,_c190,_c191,_c192,_c193,_c194,_c195,_c196,_c197,_c198,_c199,_c200,_c201,_c202,_c203,_c204,_c205,_c206,_c207,_c208,_c209,_c210,_c211,_c212,_c213,_c214,_c215,_c216,_c217,_c218,_c219,_c220,_c221,_c222,_c223,_c224,_c225,_c226,_c227,_c228,_c229,_c230,_c231,_c232,_c233,_c234,_c235,_c236,_c237,_c238,_c239,_c240,_c241,_c242,_c243,_c244,_c245,_c246,_c247,_c248,_c249,_c250,_c251,_c252,_c253,_c254,_c255,_c256,_c257,_c258,_c259,_c260,_c261,_c262,_c263,_c264,_c265,_c266,_c267,_c268,_c269,_c270,_c271,_c272,_c273,_c274,_c275,_c276,_c277,_c278,_c279,_c280,_c281,_c282,_c283,_c284,_c285,_c286,_c287,_c288,_c289,_c290,_c291,_c292,_c293,_c294,_c295,_c296,_c297,_c298,_c299,_c300,_c301,_c302,_c303,_c304,_c305,_c306,_c307,_c308,_c309,_c310,_c311,_c312,_c313,_c314,_c315,_c316,_c317,_c318,_c319,_c320,_c321,_c322,_c323,_c324,_c325,_c326,_c327,_c328,_c329,_c330,_c331,_c332,_c333,_c334,_c335,_c336,_c337,_c338,_c339,_c340,_c341,_c342,_c343,_c344,_c345,_c346,_c347,_c348,_c349,_c350,_c351,_c352,_c353,_c354,_c355,_c356,_c357,_c358,_c359,_c360,_c361,_c362,_c363,_c364,_c365,_c366,_c367,_c368,_c369,_c370,_c371,_c372,_c373,_c374,_c375,_c376,_c377,_c378,_c379,_c380,_c381,_c382,_c383,_c384,_c385,_c386,_c387,_c388,_c389,_c390,_c391,_c392,_c393,_c394,_c395,_c396,_c397,_c398,_c399,_c400,_c401,_c402,_c403,_c404,_c405,_c406,_c407,_c408,_c409,_c410,_c411,_c412,_c413,_c414,_c415,_c416,_c417,_c418,_c419,_c420,_c421,_c422,_c423,_c424,_c425,_c426,_c427,_c428,_c429,_c430,_c431,_c432,_c433,_c434,_c435,_c436,_c437,_c438,_c439,_c440,_c441,_c442,_c443,_c444,_c445,_c446,_c447,_c448,_c449,_c450,_c451,_c452,_c453,_c454,_c455,_c456,_c457,_c458,_c459,_c460,_c461,_c462,_c463,_c464,_c465,_c466,_c467,_c468,_c469,_c470,_c471,_c472,_c473,_c474,_c475,_c476,_c477,_c478,_c479,_c480,_c481,_c482,_c483,_c484,_c485,_c486,_c487,_c488,_c489,_c490,_c491,_c492,_c493,_c494,_c495,_c496,_c497,_c498,_c499,_c500,_c501,_c502,_c503,_c504,_c505,_c506,_c507,_c508,_c509,_c510,_c511,_c512,_c513,_c514,_c515,_c516,_c517,_c518,_c519,_c520,_c521,_c522,_c523,_c524,_c525,_c526,_c527,_c528,_c529,_c530,_c531,_c532,_c533,_c534,_c535,_c536,_c537,_c538,_c539,_c540,_c541,_c542,_c543,_c544,_c545,_c546,_c547,_c548,_c549,_c550,_c551,_c552,_c553,_c554,_c555,_c556,_c557,_c558,_c559,_c560,_c561,_c562,_c563,_c564,_c565,_c566,_c567,_c568,_c569,_c570,_c571,_c572,_c573,_c574,_c575,_c576,_c577,_c578,_c579,_c580,_c581,_c582,_c583,_c584,_c585,_c586,_c587,_c588,_c589,_c590,_c591,_c592,_c593,_c594,_c595,_c596,_c597,_c598,_c599,_c600,_c601,_c602,_c603,_c604,_c605,_c606,_c607,_c608,_c609,_c610,_c611,_c612,_c613,_c614,_c615,_c616,_c617,_c618,_c619,_c620,_c621,_c622,_c623,_c624,_c625,_c626,_c627,_c628,_c629,_c630,_c631,_c632,_c633,_c634,_c635,_c636,_c637,_c638,_c639,_c640,_c641,_c642,_c643,_c644,_c645,_c646,_c647,_c648,_c649,_c650,_c651,_c652,_c653,_c654,_c655,_c656,_c657,_c658,_c659,_c660,_c661,_c662,_c663,_c664,_c665,_c666,_c667,_c668,_c669,_c670,_c671,_c672,_c673,_c674,_c675,_c676,_c677,_c678,_c679,_c680,_c681,_c682,_c683,_c684,_c685,_c686,_c687,_c688,_c689,_c690,_c691,_c692,_c693,_c694,_c695,_c696,_c697,_c698,_c699,_c700,_c701,_c702,_c703,_c704,_c705,_c706,_c707,_c708,_c709,_c710,_c711,_c712,_c713,_c714,_c715,_c716,_c717,_c718,_c719,_c720,_c721,_c722,_c723,_c724,_c725,_c726,_c727,_c728,_c729,_c730,_c731,_c732,_c733,_c734,_c735,_c736,_c737,_c738,_c739,_c740,_c741,_c742,_c743,_c744,_c745,_c746,_c747,_c748,_c749,_c750,_c751,_c752,_c753,_c754,_c755,_c756,_c757,_c758,_c759,_c760,_c761,_c762,_c763,_c764,_c765,_c766,_c767,_c768,_c769,_c770,_c771,_c772,_c773,_c774,_c775,_c776,_c777,_c778,_c779,_c780,_c781,_c782,_c783,_c784,_c785,_c786,_c787,_c788,_c789,_c790,_c791,_c792,_c793,_c794,_c795,_c796,_c797,_c798,_c799,_c800,_c801,_c802,_c803,_c804,_c805,_c806,_c807,_c808,_c809,_c810,_c811,_c812,_c813,_c814,_c815,_c816,_c817,_c818,_c819,_c820,_c821,_c822,_c823,_c824,_c825,_c826,_c827,_c828,_c829,_c830,_c831,_c832,_c833,_c834,_c835,_c836,_c837,_c838,_c839,_c840,_c841,_c842,_c843,_c844,_c845,_c846,_c847,_c848,_c849,_c850,_c851,_c852,_c853,_c854
58938,"After blasting Clinton, Pence in an email battle of his own",CNN,11/15/16,2016,11,"Washington (CNN) Vice   Mike Pence is embroiled in a legal challenge stemming from his decision to withhold information from a public records request in a case local Democrats say raises the specter of the Indiana governor shielding all of his emails from public view.  It‚Äös a bit ironic as Pence, along with running mate   Donald Trump blasted their way into the White House in part by hammering away at Democrat Hillary Clinton‚Äös own email scandal. Pence‚Äös lawyers have argued, in part, that a state court decision protecting state lawmakers from releasing their own records should also apply to his office.  But Bill Groth, a Democratic lawyer fighting the Pence administration in state court, cautioned that if the court accepts their argument, it could shield all his communications from the public.  ‚ÄöIf the court buys their separation of powers argument, the executive branch will be exempt from (Indiana‚Äös public records law),‚Äö Groth said. ‚ÄöWhy are they willing to take that risk if they have statutory arguments and they aren‚Äöt really seeking to exempt the executive?‚Äö In Clinton‚Äös case, her use of a private email server led to an FBI investigation that dogged her campaign but never amounted to a determination of  . But the GOP ticket used it as an example of what they said was poor   and worked to further voter distrust of her. ‚ÄöThe FBI last summer concluded that Hillary Clinton having classified documents on that private server was ‚Äöextremely careless,‚Äö ‚Äö Pence said just last week. ‚ÄöAnd I guess today, I don‚Äöt know if you heard, today they announced that they had not changed that conclusion.‚Äö But a top Pence spokesman said that this current email case, which is being weighed in Indiana‚Äös Court of Appeals now, is nothing like Clinton‚Äös email scandal.  ‚ÄöThe plaintiff received the text of the email in one question. One email,‚Äö said Pence deputy chief of staff Matt Lloyd. ‚ÄöThe court reviewed the white paper and determined the state was correct in protecting it as attorney client privilege.‚Äö Lloyd added that Pence has never had a private email server and never destroyed any devices containing his emails.  Groth did receive the email he sought, about Pence‚Äös decision to have the state join a consortium of other states suing to block President Barack Obama‚Äös executive actions on immigration. But he is fighting for access to the attachment to that email, an issue paper that Pence‚Äös lawyers argue is confidential under   privilege.  Indiana‚Äös public access counselor, a lawyer who independently reviews public access and transparency complaints, determined that Pence had complied with state law in the case and did not ding him on the issue. The same counselor, last year, blasted state lawmakers for shielding their communications from public view.  But public access advocates and journalists have put Trump on watch, after he blacklisted reporters    something Pence said he fought against after joining the ticket. And Pence himself has had transparency woes, after he was forced to pull the plug on a proposed   news service last year.",,,,,,,,,,,,,,,,,,,,,,,,,,,,,,,,,,,,,,,,,,,,,,,,,,,,,,,,,,,,,,,,,,,,,,,,,,,,,,,,,,,,,,,,,,,,,,,,,,,,,,,,,,,,,,,,,,,,,,,,,,,,,,,,,,,,,,,,,,,,,,,,,,,,,,,,,,,,,,,,,,,,,,,,,,,,,,,,,,,,,,,,,,,,,,,,,,,,,,,,,,,,,,,,,,,,,,,,,,,,,,,,,,,,,,,,,,,,,,,,,,,,,,,,,,,,,,,,,,,,,,,,,,,,,,,,,,,,,,,,,,,,,,,,,,,,,,,,,,,,,,,,,,,,,,,,,,,,,,,,,,,,,,,,,,,,,,,,,,,,,,,,,,,,,,,,,,,,,,,,,,,,,,,,,,,,,,,,,,,,,,,,,,,,,,,,,,,,,,,,,,,,,,,,,,,,,,,,,,,,,,,,,,,,,,,,,,,,,,,,,,,,,,,,,,,,,,,,,,,,,,,,,,,,,,,,,,,,,,,,,,,,,,,,,,,,,,,,,,,,,,,,,,,,,,,,,,,,,,,,,,,,,,,,,,,,,,,,,,,,,,,,,,,,,,,,,,,,,,,,,,,,,,,,,,,,,,,,,,,,,,,,,,,,,,,,,,,,,,,,,,,,,,,,,,,,,,,,,,,,,,,,,,,,,,,,,,,,,,,,,,,,,,,,,,,,,,,,,,,,,,,,,,,,,,,,,,,,,,,,,,,,,,,,,,,,,,,,,,,,,,,,,,,,,,,,,,,,,,,,,,,,,,,,,,,,,,,,,,,,,,,,,,,,,,,,,,,,,,,,,,,,,,,,,,,,,,,,,,,,,,,,,,,,,,,,,,,,,,,,,,,,,,,,,,,,,,,,,,,,,,,,,,,,,,,,,,,,,,,,,,,,,
58939,The man behind North Korea‚Äös next generation of architects,CNN,11/15/16,2016,11,"(CNN) Mega monuments, symmetrical   high rises and grand boulevards. That‚Äös what normally comes to mind when picturing North Korean architecture.  But the streets of Pyongyang are evolving.  Curved lines, asymmetric designs and pops of color are enriching new areas such as Mirae Scientists Street    a new residential area next to next to Pyongyang Station    showcasing an eclectic mix of building styles that would have been inconceivable a decade ago. And with North Korea‚Äös annual infrastructure spending growing nearly 10% since 2014, there‚Äös plenty of opportunity for architects to flex their design muscles.  Amid the building boom, foreign architects including   Calvin Chua have seized the rare opportunity to help shape the next generation of North Korean architects.  Chua, the founder of Spatial Anatomy design firm, runs Architectural Association School of Architecture (AA) Visiting School program, which with the   Choson Exchange program provides training to North Koreans.  International architecture students visit North Korea for 10 days to work with local students and architects on different design approaches in urban development. CNN spoke with the Singapore University of Technology and Design adjunct assistant professor about working with North Korean architects and students, and how they‚Äöre transforming the cityscape.   When did you first visit North Korea? I went there in 2008 as a tourist. The first impression I had was the city‚Äös monumentality    the strategically distributed public squares, monuments, and strong vistas along the boulevards in Pyongyang. From that perspective, the city was orderly and  . What defines North Korean architecture? Most of the buildings are made of concrete, because that‚Äös the material that‚Äös readily available. To import steel from China would be too expensive. And because of all the sanctions, it‚Äös even more difficult. The entire city was flattened after the Korean War ( ) so to some extent, a lot of the architectural styles and influences really came from the initial assistance provided by other communist states like East Germany and the Soviet Union.  How is working in North Korea different from visiting as a tourist? As a tourist, you‚Äöll be so bombarded by the monuments and boulevards that it‚Äös hard to appreciate what‚Äös unique about North Korean architecture. After going to North Korea many times, you start to discover the small details of the city rather than the giant monuments.  The way each house has a small balcony and everyone has potted plants    that interests me much more because it reflects how people live in the city. Or the presence of mini department stores    basically, shops where you can buy anything, from shoes to clothes to solar panels within 1, 000 square feet (100 sqm).  That‚Äös uniquely Pyongyang. You don‚Äöt find that in other cities. What surprised your students about working in North Korea? It‚Äös a general perception that North Koreans are not very vocal. I think that when you talk about something that is more politically neutral, like urban planning or architecture, they can be critical and analytical.  A lot of people never expect the North Korean participants to be so forthcoming with their ideas    that‚Äös been a pleasant surprise.  What types of projects do the students work on? Instead of designing the types of architecture that are already prevalent in Pyongyang, we focus on developing urban strategies for challenging sites in the city. For example, we look at how to adaptively reuse and change old or empty buildings    that is conceptually new for the North Korean architects. Typically in North Korea, you would simply refurbish or demolish an existing building rather than changing its function.  Despite the building boom, a number of buildings are empty in the city. It is important to consider how to adaptively reuse these existing buildings, rather than tearing them down. What‚Äös it like to work with North Korean architects? North Korean architects are very skilled with their design software. They are able to produce drawings and models, or even renderings, at a very fast speed. There is, however, a difference in how we approach design. In North Korea, architecture is a very formulaic practice, whereas the foreign students tend to spend more time thinking about the context, and the theoretical implications of design strategies. How has architecture in North Korea changed over time? If you look at the timeline of development in Pyongyang you can broadly break it down into a few phases. The 1950s was a neoclassical period where East German and Soviet architects were invited to participate in design projects in Pyongyang. Then we have the modernist era in the 60s and 70s, which was followed by the revival of vernacular Korean architectural elements, like Korean hipped roofs, built with concrete in the 80s.  And more recently? What trends are you seeing? The architecture is evolving. The practice is driven by the amount of construction that‚Äös taking place in the city. Increasingly, they are moving away from standardized designs. North Korean architects are inventing more individual qualities in their buildings.  So in the past, if you looked at older neighborhood, or even streets, like Kwangbok Street and Tongil Street    all the buildings were designed, composed and replicated in a particular way that shared a similar geometrical language. And in the new developments? If you look at newer streets, like Mirae Street and Ryomyong Street, within a short span of just half a mile (1 kilometer) you get a diverse collection of buildings with different forms and fa‚àö√üades.. For example, you get to see   towers being erected in the middle of a   urban block, which would have been unthinkable in the past. It seems to suggest that the planners, the architects, are slowly deviating away from a more cohesive, coherent urban design.  What are some major concerns among North Korean architects? It ranges from technical issues such as improving insulation and waterproofing for buildings to developing a sustainable development framework for the city. We have led discussions and workshops on a series of issues, for example how to develop a sustainability guideline for the city.  Is it hard for foreign architects to work in North Korea? It‚Äös slightly more difficult for architects to get involved in projects in North Korea    firstly, the local architects are very capable themselves. Also, the lack of communication lines make it really difficult. You can‚Äöt hold a Skype call, for example. You can email, but the best way to communicate is to be there in person.",,,,,,,,,,,,,,,,,,,,,,,,,,,,,,,,,,,,,,,,,,,,,,,,,,,,,,,,,,,,,,,,,,,,,,,,,,,,,,,,,,,,,,,,,,,,,,,,,,,,,,,,,,,,,,,,,,,,,,,,,,,,,,,,,,,,,,,,,,,,,,,,,,,,,,,,,,,,,,,,,,,,,,,,,,,,,,,,,,,,,,,,,,,,,,,,,,,,,,,,,,,,,,,,,,,,,,,,,,,,,,,,,,,,,,,,,,,,,,,,,,,,,,,,,,,,,,,,,,,,,,,,,,,,,,,,,,,,,,,,,,,,,,,,,,,,,,,,,,,,,,,,,,,,,,,,,,,,,,,,,,,,,,,,,,,,,,,,,,,,,,,,,,,,,,,,,,,,,,,,,,,,,,,,,,,,,,,,,,,,,,,,,,,,,,,,,,,,,,,,,,,,,,,,,,,,,,,,,,,,,,,,,,,,,,,,,,,,,,,,,,,,,,,,,,,,,,,,,,,,,,,,,,,,,,,,,,,,,,,,,,,,,,,,,,,,,,,,,,,,,,,,,,,,,,,,,,,,,,,,,,,,,,,,,,,,,,,,,,,,,,,,,,,,,,,,,,,,,,,,,,,,,,,,,,,,,,,,,,,,,,,,,,,,,,,,,,,,,,,,,,,,,,,,,,,,,,,,,,,,,,,,,,,,,,,,,,,,,,,,,,,,,,,,,,,,,,,,,,,,,,,,,,,,,,,,,,,,,,,,,,,,,,,,,,,,,,,,,,,,,,,,,,,,,,,,,,,,,,,,,,,,,,,,,,,,,,,,,,,,,,,,,,,,,,,,,,,,,,,,,,,,,,,,,,,,,,,,,,,,,,,,,,,,,,,,,,,,,,,,,,,,,,,,,,,,,,,,,,,,,,,,,,,,,,,,,,,,,,,,,,,,,
58940,‚ÄöKnife fight‚Äö as Trump builds Cabinet,CNN,11/15/16,2016,11,"Washington (CNN) Donald Trump‚Äös transition is being marked by sharp internal disagreements over key Cabinet appointments and direction, both for internal West Wing positions and key national security posts, sources involved in the transition team tell CNN. One source with knowledge of the transition described it as a ‚Äöknife fight.‚Äö  The split has put traditional Republican operatives such as Reince Priebus    named Trump‚Äös chief of staff Sunday    against more   influences such as Steve Bannon    the   leader of Breitbart News    who will be Trump‚Äös chief strategist. A particular challenge is lack of clarity about the division of power among Priebus, Bannon and Trump‚Äös    Jared Kushner, who also has a key role in transition decisions. Another source tied to the transition described the resulting confusion as ‚Äöbuffoonery.‚Äö On Tuesday morning, former congressman Mike Rogers announced in a statement that he parted ways with the Trump transition team. Rogers‚Äö participation was seen as a heartening sign to many of the establishment side of national security advisers.  Vice   Mike Pence, the new leader of the transition operation, will be at Trump Tower in New York Tuesday to meet with Trump and discuss possible nominees. The divisions are being played out as Trump considers key appointments in the national security and diplomatic sectors, including secretary of state, with mainstream conservatives supporting John Bolton against Rudy Giuliani, who is seen as a loyalist to Trump. On other key national security appointments, there is more agreement. Sen. Jeff Sessions is now the leading contender for attorney general, and is in the mix for secretary of defense as well, say multiple sources with knowledge of the transition.  Retired Lt. General Ron Burgess, former director of the DIA, is a leading contender for director of national intelligence. Retired General Michael Flynn is leading candidate for national security adviser. No matter who gets what job, one description seems to fit the makeup of the short list: unconventional. And it highlights the dilemma faced by Trump, who is now torn between a campaign promise to shake up Washington and a need to build a national security team with policy experience.   The presence of so many political backers could signal that Trump values loyalty over experience and is keen to have people on board who share his worldview and are willing to depart from conventional wisdom.  Who could be in Trump‚Äös Cabinet? This is particularly true when it comes to the secretary of state post. The position of America‚Äös chief diplomat is considered a particularly   one, charged with maintaining relationships around the globe. But some of the names being rumored for the job seem to indicate that Trump will favor an iconoclastic approach to the role: Rudy Giuliani, possible secretary of state, Giuliani, a former federal prosecutor and mayor of New York, has little foreign policy experience to speak of but has been a vocal advocate of Trump‚Äös since early on in the campaign. During his own run for the presidency in 2008, Giuliani espoused a fairly conventional Republican foreign policy view, calling on continued US engagement abroad and robust efforts to fight terrorism and stabilize Iraq and Afghanistan. He also signaled support for democracy promotion, something at odds with Trump‚Äös pronouncements where he has put value on stability and   as opposed to democracy and human rights.  A source familiar with the transition process told CNN that Giuliani has expressed his preference for the secretary of state position as opposed to the post of attorney general.  John Bolton, possible secretary of state, Bolton, a diplomat in the George W. Bush administration, backed Trump soon after he secured the nomination and would be one of the more conventional choices.  But despite spending years at the State Department, Bolton has at times ruffled feathers in Washington. He was appointed to be ambassador to the UN, a Cabinet level position, in 2005. But his nomination was met with fierce opposition in Congress and Bush was forced to appoint him during a congressional recess. A source familiar with the transition said the Trump team acknowledges that Bolton‚Äös confirmation might be difficult but they think it would be less tough than it was 10 years ago. He also has elements of the conservative mainstream in his corner he was endorsed by the influential National Review magazine in an open letter to   Trump over the weekend.  Bolton has consistently advocated for unilateral and interventionist approaches to foreign policy challenges. Like Trump he has opposed the Iran nuclear deal going so far as to call for airstrikes against Iran, penning a 2015   in the New York Times titled ‚ÄöTo Stop Iran‚Äös Bomb, Bomb Iran.‚Äö He has also been highly critical of international institutions and organizations like the UN, something that tracks closely with Trump‚Äös professed ‚ÄöAmerica first‚Äö and  ‚Äöglobalist‚Äö approach to foreign policy. In that vein Bolton led efforts to withdraw America‚Äös signature from the International Criminal Court.  But Bolton has also been a harsh critic of Russia    a stance that might put him at odds with any effort to improve ties with Moscow, something Trump has stated as an objective of his administration.  Sen. Jeff Sessions, possible attorney general or secretary of defense, According to one source familiar with transition, the job of Defense Secretary is Sessions‚Äö if he wants it. Trump is also interested in the senator for attorney general, CNN‚Äös Dana Bash reports. Sessions would also be a more conventional choice having represented Alabama in the Senate since 1997. He sits on the Senate Armed Services Committee and also served in the US Army Reserve from  . Sessions also meets the loyalty test having been the first sitting senator to endorse Trump during the campaign.  But Sessions is not a typical Washington insider, at times taking positions at odds with his colleagues on the Armed Services committee.  While Sessions has called for a defense spending boost, many of his other positions, such as a skeptical view of NATO and friendlier view of Russia, while at odds with his Republican senatorial colleagues brought him more into line with Trump‚Äös campaign comments.  Sessions shares Trump‚Äös hardline positions on immigration as well and is also under consideration for Attorney General.  Lt. Gen. Michael Flynn, possible national security adviser  On the defense side, retired Lt. Gen. Michael Flynn has emerged as a possible choice for national security adviser. Former military officers have found themselves in the role before, Barack Obama‚Äös first national security agency was former Gen. James Jones and Colin Powell served as the National Security Adviser to President Ronald Reagan.  Flynn, the former director of the Defense Intelligence Agency, is well versed in international and security affairs. But Flynn, a vocal and sometimes fiery advocate for the   during the campaign, has also echoed Trump‚Äös rhetoric of fighting terrorism, boosting ties with Russia, and casting a more critical eye on NATO.  Why there are so few conventional choices, A few more establishment type names are being floated for roles that oversee the intelligence community. Burgess, the former DIA director, is also thought to be a potential selection for the director of national intelligence, which oversees the sprawling intelligence community. And Pete Hoekstra, a   former congressman from Michigan who chaired the House Intelligence Committee from   is thought to be in the running for the same role or director of the CIA. While more conventional picks had initially been rumored for State and Defense such as the head of the Council of Foreign Relations, Richard Haas, and George W. Bush‚Äös National Security Adviser, Stephen Hadley, most analysts are beginning to believe that the odds favor a more conventional choice.  One of the reasons for the     is that many of the Republican Party‚Äös most senior national security experts denounced their presidential candidate during the campaign as too reckless to lead the nation safely, somewhat limiting the pool from which to draw.  But some foreign policy luminaries have suggested that Republican experts should put aside their differences and Brent Scowcroft, George H. W. Bush‚Äös national security adviser national security adviser and who backed Hillary Clinton for president, told attendees as a ceremony at the Aspen Strategy Group Monday that ‚ÄöIf you‚Äöre asked to serve, please do. This man needs help.‚Äö One rumor has emerged that radio host Laura Ingraham could be Trump‚Äös White House spokesperson. Asked outside of Trump Tower about that possibility, transition communications adviser Jason Miller did not address it specifically, but said to expect some interesting names. ‚ÄöYou‚Äöre going to see a number of different names that are ultimately becoming a part of the  ‚Äös administration,‚Äö Miller said. ‚ÄöThere will be   names, a number of people who have had   success in a number of different fields   success in business . .. People will be excited when they see the type of leaders the   brings into this administration.‚Äö This story has been updated.",,,,,,,,,,,,,,,,,,,,,,,,,,,,,,,,,,,,,,,,,,,,,,,,,,,,,,,,,,,,,,,,,,,,,,,,,,,,,,,,,,,,,,,,,,,,,,,,,,,,,,,,,,,,,,,,,,,,,,,,,,,,,,,,,,,,,,,,,,,,,,,,,,,,,,,,,,,,,,,,,,,,,,,,,,,,,,,,,,,,,,,,,,,,,,,,,,,,,,,,,,,,,,,,,,,,,,,,,,,,,,,,,,,,,,,,,,,,,,,,,,,,,,,,,,,,,,,,,,,,,,,,,,,,,,,,,,,,,,,,,,,,,,,,,,,,,,,,,,,,,,,,,,,,,,,,,,,,,,,,,,,,,,,,,,,,,,,,,,,,,,,,,,,,,,,,,,,,,,,,,,,,,,,,,,,,,,,,,,,,,,,,,,,,,,,,,,,,,,,,,,,,,,,,,,,,,,,,,,,,,,,,,,,,,,,,,,,,,,,,,,,,,,,,,,,,,,,,,,,,,,,,,,,,,,,,,,,,,,,,,,,,,,,,,,,,,,,,,,,,,,,,,,,,,,,,,,,,,,,,,,,,,,,,,,,,,,,,,,,,,,,,,,,,,,,,,,,,,,,,,,,,,,,,,,,,,,,,,,,,,,,,,,,,,,,,,,,,,,,,,,,,,,,,,,,,,,,,,,,,,,,,,,,,,,,,,,,,,,,,,,,,,,,,,,,,,,,,,,,,,,,,,,,,,,,,,,,,,,,,,,,,,,,,,,,,,,,,,,,,,,,,,,,,,,,,,,,,,,,,,,,,,,,,,,,,,,,,,,,,,,,,,,,,,,,,,,,,,,,,,,,,,,,,,,,,,,,,,,,,,,,,,,,,,,,,,,,,,,,,,,,,,,,,,,,,,,,,,,,,,,,,,,,,,,,,,,,,,,,,,,,,,
58941,The alt-right heads to the White House,CNN,11/15/16,2016,11,"New York (CNN) The      a loosely defined   movement steeped in part in white nationalism, misogyny and      has never been this close to power.   Donald Trump‚Äös move to name Steve Bannon, the   Breitbart News chief, as one of his top two advisers will bring the movement firmly into the White House, with unprecedented access to the Oval Office that could shape the policies and tone of Trump‚Äös presidency.  The decision appears to have put a sudden halt to hopes that Trump was beginning to mollify some of his hardline campaign promises. Instead, the move signals Trump isn‚Äöt ready to abandon the   elements that proved key to his ascent to power. Bannon, in any other administration, likely would not have passed muster. He was once charged with domestic violence, allegedly objected to his daughters attending a school because of the number of Jewish students enrolled and ran a website that stoked racial fears, engaged in blatant misogyny and peddled conspiracy theories.  ‚ÄöKnife fight‚Äö as Trump builds an unconventional national security cabinet, But beyond his biographical bullet points, it‚Äös Bannon‚Äös quiet encouragement of Republican infighting through Breitbart and his championing of hardline conservative policy prescriptions that may prove intrusive to Trump‚Äös efforts to pass legislation with a slim Republican majority in Congress. While Republican leaders are finding comfort in Trump naming RNC Chairman Reince Priebus to the top post of White House chief of staff, the press release announcing the appointments noted the two men will be ‚Äöequal partners.‚Äö And Bannon was listed first in the statement. Early indicator, The announcement is one of the earliest indicators of what Trump‚Äös administration will look like. It provides insight into how he will balance the   priorities of dueling factions within the Republican Party, and the degree to which Trump has come to rely on Bannon‚Äös counsel. For now, it seems Trump is poised to give both the GOP establishment and the more hardline elements of his party the benefits of proximity to power. Priebus and Bannon are in many ways the embodiment of the internal struggle that has roiled the GOP in recent years: Bannon, the   and unflinchingly hardline conservative segment, and Priebus, the   establishment eager to expand its electoral appeal. ‚ÄöI think it‚Äös a great team,‚Äö Kellyanne Conway, Trump‚Äös campaign manager and now a senior adviser to his transition effort, told reporters Monday. ‚ÄöThey complement each other. They both have the most important thing: the ear of the boss.‚Äö Bannon declined to comment for this story. But Pence defended him Monday, calling Bannon ‚Äöa force for good‚Äö and a ‚Äögenerous, hospitable, wise person to work with‚Äö on MSNBC. Trump to supporters harassing minorities: ‚ÄöStop it‚Äö ‚ÄöSteve and I have formed a great partnership in advising President Trump together. That‚Äös what it is. Talking to him together, getting ourselves on the same page. It worked well on the campaign. I think you have seen perilously over the last few months that Donald Trump has been very disciplined. He‚Äös also been very comfortable and on message and ‚Äö Priebus added Monday on ABC. Even President Barack Obama, who spent the better part of the past year blasting Trump, said the   should have a chance to build his team. ‚ÄöThe people have spoken,‚Äö Obama said at a White House news conference Monday. ‚ÄöIt will be up to him to set up a team that he thinks will serve him well and reflects his policies.‚Äö Messaging and strategy, While it‚Äös true that both Priebus and Bannon have been at Trump‚Äös side, Bannon was largely credited with helping craft the messaging and strategy in the final months of the campaign. Those efforts empowered Trump to ride a populist wave to victory, without abandoning the hardline policy proposals and controversial rhetoric that won him the fandom of loyal supporters in the first place. Trump would not repudiate his Muslim ban proposal. He would not back off his plans to deport all undocumented immigrants. And he certainly wouldn‚Äöt stop bellowing at his rallies about building a border wall and making Mexico pay for it. Bannon also oversaw Trump‚Äös forays into the   community and his controversial depictions of black America as entirely crime and      ‚ÄöYou walk down the street, you get shot!‚Äö    that black leaders called insulting. Critics contended such remarks were aimed more at assuaging white Americans‚Äö concerns. Already, Bannon‚Äös appointment is sparking heated criticism from Democrats and   groups alike. The   League, a leading organization combating   said it ‚Äöstrongly opposes‚Äö the decision. The group‚Äös CEO, Jonathan Greenblatt, said Bannon ‚Äöpresided over the premier website of the ‚Äö ‚Äö    a   group of white nationalists and unabashed   and racists.‚Äö What Donald Trump taught us about ourselves, Senate Minority Leader Harry Reid‚Äös spokesman, Adam Jentleson, went further, saying Bannon‚Äös appointment ‚Äösignals that White Supremacists will be represented at the highest levels in Trump‚Äös White House.‚Äö ‚ÄöIt is easy to see why the KKK views Trump as their champion when Trump appoints one of the foremost peddlers of White Supremacist themes and rhetoric as his top aide,‚Äö Jentleson said. While Bannon‚Äös website ran headlines such as ‚ÄöBill Kristol, Republican spoiler, renegade Jew,‚Äö ‚ÄöBirth control makes women unattractive and crazy‚Äö and another proclaiming ‚ÄöYoung Muslims in the West are a ticking time bomb,‚Äö Bannon‚Äös tenure at the helm of Trump‚Äös campaign did not escalate the   nominee‚Äös inflammatory statements or his courting of the  . Trump did not, as many expected, become a walking, talking Breitbart headline. Rather, he got more focused    reading from teleprompters at every rally since Bannon and Conway took over. Trump amplified his   policy proclamations by laying them out in more palatable language. Less bravado, more policy, In fact, there was less bravado and more policy. There was less targeting of Republicans, and more targeted attacks on Hillary Clinton. What Bannon did not discourage, however, was Trump‚Äös   and mischaracterizing of Clinton‚Äös policies, which filled the pages of Breitbart long before Trump jumped into the presidential race. Is Donald Trump already walking away from campaign promises? Bannon was also the man behind one of Trump‚Äös most controversial stunts in which women who had previously accused former President Bill Clinton of sexual misconduct were paraded before the cameras moments before the second presidential debate against Clinton.  As reporters were led into the room    mouths agape    Bannon stood silently toward the back of the room, grinning.",,,,,,,,,,,,,,,,,,,,,,,,,,,,,,,,,,,,,,,,,,,,,,,,,,,,,,,,,,,,,,,,,,,,,,,,,,,,,,,,,,,,,,,,,,,,,,,,,,,,,,,,,,,,,,,,,,,,,,,,,,,,,,,,,,,,,,,,,,,,,,,,,,,,,,,,,,,,,,,,,,,,,,,,,,,,,,,,,,,,,,,,,,,,,,,,,,,,,,,,,,,,,,,,,,,,,,,,,,,,,,,,,,,,,,,,,,,,,,,,,,,,,,,,,,,,,,,,,,,,,,,,,,,,,,,,,,,,,,,,,,,,,,,,,,,,,,,,,,,,,,,,,,,,,,,,,,,,,,,,,,,,,,,,,,,,,,,,,,,,,,,,,,,,,,,,,,,,,,,,,,,,,,,,,,,,,,,,,,,,,,,,,,,,,,,,,,,,,,,,,,,,,,,,,,,,,,,,,,,,,,,,,,,,,,,,,,,,,,,,,,,,,,,,,,,,,,,,,,,,,,,,,,,,,,,,,,,,,,,,,,,,,,,,,,,,,,,,,,,,,,,,,,,,,,,,,,,,,,,,,,,,,,,,,,,,,,,,,,,,,,,,,,,,,,,,,,,,,,,,,,,,,,,,,,,,,,,,,,,,,,,,,,,,,,,,,,,,,,,,,,,,,,,,,,,,,,,,,,,,,,,,,,,,,,,,,,,,,,,,,,,,,,,,,,,,,,,,,,,,,,,,,,,,,,,,,,,,,,,,,,,,,,,,,,,,,,,,,,,,,,,,,,,,,,,,,,,,,,,,,,,,,,,,,,,,,,,,,,,,,,,,,,,,,,,,,,,,,,,,,,,,,,,,,,,,,,,,,,,,,,,,,,,,,,,,,,,,,,,,,,,,,,,,,,,,,,,,,,,,,,,,,,,,,,,,,,,,,,,,,,,,,
,,,,,,,,,,,,,,,,,,,,,,,,,,,,,,,,,,,,,,,,,,,,,,,,,,,,,,,,,,,,,,,,,,,,,,,,,,,,,,,,,,,,,,,,,,,,,,,,,,,,,,,,,,,,,,,,,,,,,,,,,,,,,,,,,,,,,,,,,,,,,,,,,,,,,,,,,,,,,,,,,,,,,,,,,,,,,,,,,,,,,,,,,,,,,,,,,,,,,,,,,,,,,,,,,,,,,,,,,,,,,,,,,,,,,,,,,,,,,,,,,,,,,,,,,,,,,,,,,,,,,,,,,,,,,,,,,,,,,,,,,,,,,,,,,,,,,,,,,,,,,,,,,,,,,,,,,,,,,,,,,,,,,,,,,,,,,,,,,,,,,,,,,,,,,,,,,,,,,,,,,,,,,,,,,,,,,,,,,,,,,,,,,,,,,,,,,,,,,,,,,,,,,,,,,,,,,,,,,,,,,,,,,,,,,,,,,,,,,,,,,,,,,,,,,,,,,,,,,,,,,,,,,,,,,,,,,,,,,,,,,,,,,,,,,,,,,,,,,,,,,,,,,,,,,,,,,,,,,,,,,,,,,,,,,,,,,,,,,,,,,,,,,,,,,,,,,,,,,,,,,,,,,,,,,,,,,,,,,,,,,,,,,,,,,,,,,,,,,,,,,,,,,,,,,,,,,,,,,,,,,,,,,,,,,,,,,,,,,,,,,,,,,,,,,,,,,,,,,,,,,,,,,,,,,,,,,,,,,,,,,,,,,,,,,,,,,,,,,,,,,,,,,,,,,,,,,,,,,,,,,,,,,,,,,,,,,,,,,,,,,,,,,,,,,,,,,,,,,,,,,,,,,,,,,,,,,,,,,,,,,,,,,,,,,,,,,,,,,,,,,,,,,,,,,,,,,,,,,,,,,,,,,,,,,,,,,,,,,,,,,,,,,,,,,,,
,,,,,,,,,,,,,,,,,,,,,,,,,,,,,,,,,,,,,,,,,,,,,,,,,,,,,,,,,,,,,,,,,,,,,,,,,,,,,,,,,,,,,,,,,,,,,,,,,,,,,,,,,,,,,,,,,,,,,,,,,,,,,,,,,,,,,,,,,,,,,,,,,,,,,,,,,,,,,,,,,,,,,,,,,,,,,,,,,,,,,,,,,,,,,,,,,,,,,,,,,,,,,,,,,,,,,,,,,,,,,,,,,,,,,,,,,,,,,,,,,,,,,,,,,,,,,,,,,,,,,,,,,,,,,,,,,,,,,,,,,,,,,,,,,,,,,,,,,,,,,,,,,,,,,,,,,,,,,,,,,,,,,,,,,,,,,,,,,,,,,,,,,,,,,,,,,,,,,,,,,,,,,,,,,,,,,,,,,,,,,,,,,,,,,,,,,,,,,,,,,,,,,,,,,,,,,,,,,,,,,,,,,,,,,,,,,,,,,,,,,,,,,,,,,,,,,,,,,,,,,,,,,,,,,,,,,,,,,,,,,,,,,,,,,,,,,,,,,,,,,,,,,,,,,,,,,,,,,,,,,,,,,,,,,,,,,,,,,,,,,,,,,,,,,,,,,,,,,,,,,,,,,,,,,,,,,,,,,,,,,,,,,,,,,,,,,,,,,,,,,,,,,,,,,,,,,,,,,,,,,,,,,,,,,,,,,,,,,,,,,,,,,,,,,,,,,,,,,,,,,,,,,,,,,,,,,,,,,,,,,,,,,,,,,,,,,,,,,,,,,,,,,,,,,,,,,,,,,,,,,,,,,,,,,,,,,,,,,,,,,,,,,,,,,,,,,,,,,,,,,,,,,,,,,,,,,,,,,,,,,,,,,,,,,,,,,,,,,,,,,,,,,,,,,,,,,,,,,,,,,,,,,,,,,,,,,,,,,,,,,,,,,,,,,,,
,,,,,,,,,,,,,,,,,,,,,,,,,,,,,,,,,,,,,,,,,,,,,,,,,,,,,,,,,,,,,,,,,,,,,,,,,,,,,,,,,,,,,,,,,,,,,,,,,,,,,,,,,,,,,,,,,,,,,,,,,,,,,,,,,,,,,,,,,,,,,,,,,,,,,,,,,,,,,,,,,,,,,,,,,,,,,,,,,,,,,,,,,,,,,,,,,,,,,,,,,,,,,,,,,,,,,,,,,,,,,,,,,,,,,,,,,,,,,,,,,,,,,,,,,,,,,,,,,,,,,,,,,,,,,,,,,,,,,,,,,,,,,,,,,,,,,,,,,,,,,,,,,,,,,,,,,,,,,,,,,,,,,,,,,,,,,,,,,,,,,,,,,,,,,,,,,,,,,,,,,,,,,,,,,,,,,,,,,,,,,,,,,,,,,,,,,,,,,,,,,,,,,,,,,,,,,,,,,,,,,,,,,,,,,,,,,,,,,,,,,,,,,,,,,,,,,,,,,,,,,,,,,,,,,,,,,,,,,,,,,,,,,,,,,,,,,,,,,,,,,,,,,,,,,,,,,,,,,,,,,,,,,,,,,,,,,,,,,,,,,,,,,,,,,,,,,,,,,,,,,,,,,,,,,,,,,,,,,,,,,,,,,,,,,,,,,,,,,,,,,,,,,,,,,,,,,,,,,,,,,,,,,,,,,,,,,,,,,,,,,,,,,,,,,,,,,,,,,,,,,,,,,,,,,,,,,,,,,,,,,,,,,,,,,,,,,,,,,,,,,,,,,,,,,,,,,,,,,,,,,,,,,,,,,,,,,,,,,,,,,,,,,,,,,,,,,,,,,,,,,,,,,,,,,,,,,,,,,,,,,,,,,,,,,,,,,,,,,,,,,,,,,,,,,,,,,,,,,,,,,,,,,,,,,,,,,,,,,,,,,,,,,,,,,,,
,,,,,,,,,,,,,,,,,,,,,,,,,,,,,,,,,,,,,,,,,,,,,,,,,,,,,,,,,,,,,,,,,,,,,,,,,,,,,,,,,,,,,,,,,,,,,,,,,,,,,,,,,,,,,,,,,,,,,,,,,,,,,,,,,,,,,,,,,,,,,,,,,,,,,,,,,,,,,,,,,,,,,,,,,,,,,,,,,,,,,,,,,,,,,,,,,,,,,,,,,,,,,,,,,,,,,,,,,,,,,,,,,,,,,,,,,,,,,,,,,,,,,,,,,,,,,,,,,,,,,,,,,,,,,,,,,,,,,,,,,,,,,,,,,,,,,,,,,,,,,,,,,,,,,,,,,,,,,,,,,,,,,,,,,,,,,,,,,,,,,,,,,,,,,,,,,,,,,,,,,,,,,,,,,,,,,,,,,,,,,,,,,,,,,,,,,,,,,,,,,,,,,,,,,,,,,,,,,,,,,,,,,,,,,,,,,,,,,,,,,,,,,,,,,,,,,,,,,,,,,,,,,,,,,,,,,,,,,,,,,,,,,,,,,,,,,,,,,,,,,,,,,,,,,,,,,,,,,,,,,,,,,,,,,,,,,,,,,,,,,,,,,,,,,,,,,,,,,,,,,,,,,,,,,,,,,,,,,,,,,,,,,,,,,,,,,,,,,,,,,,,,,,,,,,,,,,,,,,,,,,,,,,,,,,,,,,,,,,,,,,,,,,,,,,,,,,,,,,,,,,,,,,,,,,,,,,,,,,,,,,,,,,,,,,,,,,,,,,,,,,,,,,,,,,,,,,,,,,,,,,,,,,,,,,,,,,,,,,,,,,,,,,,,,,,,,,,,,,,,,,,,,,,,,,,,,,,,,,,,,,,,,,,,,,,,,,,,,,,,,,,,,,,,,,,,,,,,,,,,,,,,,,,,,,,,,,,,,,,,,,,,,,,,,,,
,,,,,,,,,,,,,,,,,,,,,,,,,,,,,,,,,,,,,,,,,,,,,,,,,,,,,,,,,,,,,,,,,,,,,,,,,,,,,,,,,,,,,,,,,,,,,,,,,,,,,,,,,,,,,,,,,,,,,,,,,,,,,,,,,,,,,,,,,,,,,,,,,,,,,,,,,,,,,,,,,,,,,,,,,,,,,,,,,,,,,,,,,,,,,,,,,,,,,,,,,,,,,,,,,,,,,,,,,,,,,,,,,,,,,,,,,,,,,,,,,,,,,,,,,,,,,,,,,,,,,,,,,,,,,,,,,,,,,,,,,,,,,,,,,,,,,,,,,,,,,,,,,,,,,,,,,,,,,,,,,,,,,,,,,,,,,,,,,,,,,,,,,,,,,,,,,,,,,,,,,,,,,,,,,,,,,,,,,,,,,,,,,,,,,,,,,,,,,,,,,,,,,,,,,,,,,,,,,,,,,,,,,,,,,,,,,,,,,,,,,,,,,,,,,,,,,,,,,,,,,,,,,,,,,,,,,,,,,,,,,,,,,,,,,,,,,,,,,,,,,,,,,,,,,,,,,,,,,,,,,,,,,,,,,,,,,,,,,,,,,,,,,,,,,,,,,,,,,,,,,,,,,,,,,,,,,,,,,,,,,,,,,,,,,,,,,,,,,,,,,,,,,,,,,,,,,,,,,,,,,,,,,,,,,,,,,,,,,,,,,,,,,,,,,,,,,,,,,,,,,,,,,,,,,,,,,,,,,,,,,,,,,,,,,,,,,,,,,,,,,,,,,,,,,,,,,,,,,,,,,,,,,,,,,,,,,,,,,,,,,,,,,,,,,,,,,,,,,,,,,,,,,,,,,,,,,,,,,,,,,,,,,,,,,,,,,,,,,,,,,,,,,,,,,,,,,,,,,,,,,,,,,,,,,,,,,,,,,,,,,,,,,,,,,,,
,,,,,,,,,,,,,,,,,,,,,,,,,,,,,,,,,,,,,,,,,,,,,,,,,,,,,,,,,,,,,,,,,,,,,,,,,,,,,,,,,,,,,,,,,,,,,,,,,,,,,,,,,,,,,,,,,,,,,,,,,,,,,,,,,,,,,,,,,,,,,,,,,,,,,,,,,,,,,,,,,,,,,,,,,,,,,,,,,,,,,,,,,,,,,,,,,,,,,,,,,,,,,,,,,,,,,,,,,,,,,,,,,,,,,,,,,,,,,,,,,,,,,,,,,,,,,,,,,,,,,,,,,,,,,,,,,,,,,,,,,,,,,,,,,,,,,,,,,,,,,,,,,,,,,,,,,,,,,,,,,,,,,,,,,,,,,,,,,,,,,,,,,,,,,,,,,,,,,,,,,,,,,,,,,,,,,,,,,,,,,,,,,,,,,,,,,,,,,,,,,,,,,,,,,,,,,,,,,,,,,,,,,,,,,,,,,,,,,,,,,,,,,,,,,,,,,,,,,,,,,,,,,,,,,,,,,,,,,,,,,,,,,,,,,,,,,,,,,,,,,,,,,,,,,,,,,,,,,,,,,,,,,,,,,,,,,,,,,,,,,,,,,,,,,,,,,,,,,,,,,,,,,,,,,,,,,,,,,,,,,,,,,,,,,,,,,,,,,,,,,,,,,,,,,,,,,,,,,,,,,,,,,,,,,,,,,,,,,,,,,,,,,,,,,,,,,,,,,,,,,,,,,,,,,,,,,,,,,,,,,,,,,,,,,,,,,,,,,,,,,,,,,,,,,,,,,,,,,,,,,,,,,,,,,,,,,,,,,,,,,,,,,,,,,,,,,,,,,,,,,,,,,,,,,,,,,,,,,,,,,,,,,,,,,,,,,,,,,,,,,,,,,,,,,,,,,,,,,,,,,,,,,,,,,,,,,,,,,,,,,,,,,,,,,,,
,,,,,,,,,,,,,,,,,,,,,,,,,,,,,,,,,,,,,,,,,,,,,,,,,,,,,,,,,,,,,,,,,,,,,,,,,,,,,,,,,,,,,,,,,,,,,,,,,,,,,,,,,,,,,,,,,,,,,,,,,,,,,,,,,,,,,,,,,,,,,,,,,,,,,,,,,,,,,,,,,,,,,,,,,,,,,,,,,,,,,,,,,,,,,,,,,,,,,,,,,,,,,,,,,,,,,,,,,,,,,,,,,,,,,,,,,,,,,,,,,,,,,,,,,,,,,,,,,,,,,,,,,,,,,,,,,,,,,,,,,,,,,,,,,,,,,,,,,,,,,,,,,,,,,,,,,,,,,,,,,,,,,,,,,,,,,,,,,,,,,,,,,,,,,,,,,,,,,,,,,,,,,,,,,,,,,,,,,,,,,,,,,,,,,,,,,,,,,,,,,,,,,,,,,,,,,,,,,,,,,,,,,,,,,,,,,,,,,,,,,,,,,,,,,,,,,,,,,,,,,,,,,,,,,,,,,,,,,,,,,,,,,,,,,,,,,,,,,,,,,,,,,,,,,,,,,,,,,,,,,,,,,,,,,,,,,,,,,,,,,,,,,,,,,,,,,,,,,,,,,,,,,,,,,,,,,,,,,,,,,,,,,,,,,,,,,,,,,,,,,,,,,,,,,,,,,,,,,,,,,,,,,,,,,,,,,,,,,,,,,,,,,,,,,,,,,,,,,,,,,,,,,,,,,,,,,,,,,,,,,,,,,,,,,,,,,,,,,,,,,,,,,,,,,,,,,,,,,,,,,,,,,,,,,,,,,,,,,,,,,,,,,,,,,,,,,,,,,,,,,,,,,,,,,,,,,,,,,,,,,,,,,,,,,,,,,,,,,,,,,,,,,,,,,,,,,,,,,,,,,,,,,,,,,,,,,,,,,,,,,,,,,,,,,,,
,,,,,,,,,,,,,,,,,,,,,,,,,,,,,,,,,,,,,,,,,,,,,,,,,,,,,,,,,,,,,,,,,,,,,,,,,,,,,,,,,,,,,,,,,,,,,,,,,,,,,,,,,,,,,,,,,,,,,,,,,,,,,,,,,,,,,,,,,,,,,,,,,,,,,,,,,,,,,,,,,,,,,,,,,,,,,,,,,,,,,,,,,,,,,,,,,,,,,,,,,,,,,,,,,,,,,,,,,,,,,,,,,,,,,,,,,,,,,,,,,,,,,,,,,,,,,,,,,,,,,,,,,,,,,,,,,,,,,,,,,,,,,,,,,,,,,,,,,,,,,,,,,,,,,,,,,,,,,,,,,,,,,,,,,,,,,,,,,,,,,,,,,,,,,,,,,,,,,,,,,,,,,,,,,,,,,,,,,,,,,,,,,,,,,,,,,,,,,,,,,,,,,,,,,,,,,,,,,,,,,,,,,,,,,,,,,,,,,,,,,,,,,,,,,,,,,,,,,,,,,,,,,,,,,,,,,,,,,,,,,,,,,,,,,,,,,,,,,,,,,,,,,,,,,,,,,,,,,,,,,,,,,,,,,,,,,,,,,,,,,,,,,,,,,,,,,,,,,,,,,,,,,,,,,,,,,,,,,,,,,,,,,,,,,,,,,,,,,,,,,,,,,,,,,,,,,,,,,,,,,,,,,,,,,,,,,,,,,,,,,,,,,,,,,,,,,,,,,,,,,,,,,,,,,,,,,,,,,,,,,,,,,,,,,,,,,,,,,,,,,,,,,,,,,,,,,,,,,,,,,,,,,,,,,,,,,,,,,,,,,,,,,,,,,,,,,,,,,,,,,,,,,,,,,,,,,,,,,,,,,,,,,,,,,,,,,,,,,,,,,,,,,,,,,,,,,,,,,,,,,,,,,,,,,,,,,,,,,,,,,,,,,,,,,,,
,,,,,,,,,,,,,,,,,,,,,,,,,,,,,,,,,,,,,,,,,,,,,,,,,,,,,,,,,,,,,,,,,,,,,,,,,,,,,,,,,,,,,,,,,,,,,,,,,,,,,,,,,,,,,,,,,,,,,,,,,,,,,,,,,,,,,,,,,,,,,,,,,,,,,,,,,,,,,,,,,,,,,,,,,,,,,,,,,,,,,,,,,,,,,,,,,,,,,,,,,,,,,,,,,,,,,,,,,,,,,,,,,,,,,,,,,,,,,,,,,,,,,,,,,,,,,,,,,,,,,,,,,,,,,,,,,,,,,,,,,,,,,,,,,,,,,,,,,,,,,,,,,,,,,,,,,,,,,,,,,,,,,,,,,,,,,,,,,,,,,,,,,,,,,,,,,,,,,,,,,,,,,,,,,,,,,,,,,,,,,,,,,,,,,,,,,,,,,,,,,,,,,,,,,,,,,,,,,,,,,,,,,,,,,,,,,,,,,,,,,,,,,,,,,,,,,,,,,,,,,,,,,,,,,,,,,,,,,,,,,,,,,,,,,,,,,,,,,,,,,,,,,,,,,,,,,,,,,,,,,,,,,,,,,,,,,,,,,,,,,,,,,,,,,,,,,,,,,,,,,,,,,,,,,,,,,,,,,,,,,,,,,,,,,,,,,,,,,,,,,,,,,,,,,,,,,,,,,,,,,,,,,,,,,,,,,,,,,,,,,,,,,,,,,,,,,,,,,,,,,,,,,,,,,,,,,,,,,,,,,,,,,,,,,,,,,,,,,,,,,,,,,,,,,,,,,,,,,,,,,,,,,,,,,,,,,,,,,,,,,,,,,,,,,,,,,,,,,,,,,,,,,,,,,,,,,,,,,,,,,,,,,,,,,,,,,,,,,,,,,,,,,,,,,,,,,,,,,,,,,,,,,,,,,,,,,,,,,,,,,,,,,,,,,,,
,,,,,,,,,,,,,,,,,,,,,,,,,,,,,,,,,,,,,,,,,,,,,,,,,,,,,,,,,,,,,,,,,,,,,,,,,,,,,,,,,,,,,,,,,,,,,,,,,,,,,,,,,,,,,,,,,,,,,,,,,,,,,,,,,,,,,,,,,,,,,,,,,,,,,,,,,,,,,,,,,,,,,,,,,,,,,,,,,,,,,,,,,,,,,,,,,,,,,,,,,,,,,,,,,,,,,,,,,,,,,,,,,,,,,,,,,,,,,,,,,,,,,,,,,,,,,,,,,,,,,,,,,,,,,,,,,,,,,,,,,,,,,,,,,,,,,,,,,,,,,,,,,,,,,,,,,,,,,,,,,,,,,,,,,,,,,,,,,,,,,,,,,,,,,,,,,,,,,,,,,,,,,,,,,,,,,,,,,,,,,,,,,,,,,,,,,,,,,,,,,,,,,,,,,,,,,,,,,,,,,,,,,,,,,,,,,,,,,,,,,,,,,,,,,,,,,,,,,,,,,,,,,,,,,,,,,,,,,,,,,,,,,,,,,,,,,,,,,,,,,,,,,,,,,,,,,,,,,,,,,,,,,,,,,,,,,,,,,,,,,,,,,,,,,,,,,,,,,,,,,,,,,,,,,,,,,,,,,,,,,,,,,,,,,,,,,,,,,,,,,,,,,,,,,,,,,,,,,,,,,,,,,,,,,,,,,,,,,,,,,,,,,,,,,,,,,,,,,,,,,,,,,,,,,,,,,,,,,,,,,,,,,,,,,,,,,,,,,,,,,,,,,,,,,,,,,,,,,,,,,,,,,,,,,,,,,,,,,,,,,,,,,,,,,,,,,,,,,,,,,,,,,,,,,,,,,,,,,,,,,,,,,,,,,,,,,,,,,,,,,,,,,,,,,,,,,,,,,,,,,,,,,,,,,,,,,,,,,,,,,,,,,,,,,,,
,,,,,,,,,,,,,,,,,,,,,,,,,,,,,,,,,,,,,,,,,,,,,,,,,,,,,,,,,,,,,,,,,,,,,,,,,,,,,,,,,,,,,,,,,,,,,,,,,,,,,,,,,,,,,,,,,,,,,,,,,,,,,,,,,,,,,,,,,,,,,,,,,,,,,,,,,,,,,,,,,,,,,,,,,,,,,,,,,,,,,,,,,,,,,,,,,,,,,,,,,,,,,,,,,,,,,,,,,,,,,,,,,,,,,,,,,,,,,,,,,,,,,,,,,,,,,,,,,,,,,,,,,,,,,,,,,,,,,,,,,,,,,,,,,,,,,,,,,,,,,,,,,,,,,,,,,,,,,,,,,,,,,,,,,,,,,,,,,,,,,,,,,,,,,,,,,,,,,,,,,,,,,,,,,,,,,,,,,,,,,,,,,,,,,,,,,,,,,,,,,,,,,,,,,,,,,,,,,,,,,,,,,,,,,,,,,,,,,,,,,,,,,,,,,,,,,,,,,,,,,,,,,,,,,,,,,,,,,,,,,,,,,,,,,,,,,,,,,,,,,,,,,,,,,,,,,,,,,,,,,,,,,,,,,,,,,,,,,,,,,,,,,,,,,,,,,,,,,,,,,,,,,,,,,,,,,,,,,,,,,,,,,,,,,,,,,,,,,,,,,,,,,,,,,,,,,,,,,,,,,,,,,,,,,,,,,,,,,,,,,,,,,,,,,,,,,,,,,,,,,,,,,,,,,,,,,,,,,,,,,,,,,,,,,,,,,,,,,,,,,,,,,,,,,,,,,,,,,,,,,,,,,,,,,,,,,,,,,,,,,,,,,,,,,,,,,,,,,,,,,,,,,,,,,,,,,,,,,,,,,,,,,,,,,,,,,,,,,,,,,,,,,,,,,,,,,,,,,,,,,,,,,,,,,,,,,,,,,,,,,,,,,,,,,,,
,,,,,,,,,,,,,,,,,,,,,,,,,,,,,,,,,,,,,,,,,,,,,,,,,,,,,,,,,,,,,,,,,,,,,,,,,,,,,,,,,,,,,,,,,,,,,,,,,,,,,,,,,,,,,,,,,,,,,,,,,,,,,,,,,,,,,,,,,,,,,,,,,,,,,,,,,,,,,,,,,,,,,,,,,,,,,,,,,,,,,,,,,,,,,,,,,,,,,,,,,,,,,,,,,,,,,,,,,,,,,,,,,,,,,,,,,,,,,,,,,,,,,,,,,,,,,,,,,,,,,,,,,,,,,,,,,,,,,,,,,,,,,,,,,,,,,,,,,,,,,,,,,,,,,,,,,,,,,,,,,,,,,,,,,,,,,,,,,,,,,,,,,,,,,,,,,,,,,,,,,,,,,,,,,,,,,,,,,,,,,,,,,,,,,,,,,,,,,,,,,,,,,,,,,,,,,,,,,,,,,,,,,,,,,,,,,,,,,,,,,,,,,,,,,,,,,,,,,,,,,,,,,,,,,,,,,,,,,,,,,,,,,,,,,,,,,,,,,,,,,,,,,,,,,,,,,,,,,,,,,,,,,,,,,,,,,,,,,,,,,,,,,,,,,,,,,,,,,,,,,,,,,,,,,,,,,,,,,,,,,,,,,,,,,,,,,,,,,,,,,,,,,,,,,,,,,,,,,,,,,,,,,,,,,,,,,,,,,,,,,,,,,,,,,,,,,,,,,,,,,,,,,,,,,,,,,,,,,,,,,,,,,,,,,,,,,,,,,,,,,,,,,,,,,,,,,,,,,,,,,,,,,,,,,,,,,,,,,,,,,,,,,,,,,,,,,,,,,,,,,,,,,,,,,,,,,,,,,,,,,,,,,,,,,,,,,,,,,,,,,,,,,,,,,,,,,,,,,,,,,,,,,,,,,,,,,,,,,,,,,,,,,,,,,,,
,,,,,,,,,,,,,,,,,,,,,,,,,,,,,,,,,,,,,,,,,,,,,,,,,,,,,,,,,,,,,,,,,,,,,,,,,,,,,,,,,,,,,,,,,,,,,,,,,,,,,,,,,,,,,,,,,,,,,,,,,,,,,,,,,,,,,,,,,,,,,,,,,,,,,,,,,,,,,,,,,,,,,,,,,,,,,,,,,,,,,,,,,,,,,,,,,,,,,,,,,,,,,,,,,,,,,,,,,,,,,,,,,,,,,,,,,,,,,,,,,,,,,,,,,,,,,,,,,,,,,,,,,,,,,,,,,,,,,,,,,,,,,,,,,,,,,,,,,,,,,,,,,,,,,,,,,,,,,,,,,,,,,,,,,,,,,,,,,,,,,,,,,,,,,,,,,,,,,,,,,,,,,,,,,,,,,,,,,,,,,,,,,,,,,,,,,,,,,,,,,,,,,,,,,,,,,,,,,,,,,,,,,,,,,,,,,,,,,,,,,,,,,,,,,,,,,,,,,,,,,,,,,,,,,,,,,,,,,,,,,,,,,,,,,,,,,,,,,,,,,,,,,,,,,,,,,,,,,,,,,,,,,,,,,,,,,,,,,,,,,,,,,,,,,,,,,,,,,,,,,,,,,,,,,,,,,,,,,,,,,,,,,,,,,,,,,,,,,,,,,,,,,,,,,,,,,,,,,,,,,,,,,,,,,,,,,,,,,,,,,,,,,,,,,,,,,,,,,,,,,,,,,,,,,,,,,,,,,,,,,,,,,,,,,,,,,,,,,,,,,,,,,,,,,,,,,,,,,,,,,,,,,,,,,,,,,,,,,,,,,,,,,,,,,,,,,,,,,,,,,,,,,,,,,,,,,,,,,,,,,,,,,,,,,,,,,,,,,,,,,,,,,,,,,,,,,,,,,,,,,,,,,,,,,,,,,,,,,,,,,,,,,,,,,,,
,,,,,,,,,,,,,,,,,,,,,,,,,,,,,,,,,,,,,,,,,,,,,,,,,,,,,,,,,,,,,,,,,,,,,,,,,,,,,,,,,,,,,,,,,,,,,,,,,,,,,,,,,,,,,,,,,,,,,,,,,,,,,,,,,,,,,,,,,,,,,,,,,,,,,,,,,,,,,,,,,,,,,,,,,,,,,,,,,,,,,,,,,,,,,,,,,,,,,,,,,,,,,,,,,,,,,,,,,,,,,,,,,,,,,,,,,,,,,,,,,,,,,,,,,,,,,,,,,,,,,,,,,,,,,,,,,,,,,,,,,,,,,,,,,,,,,,,,,,,,,,,,,,,,,,,,,,,,,,,,,,,,,,,,,,,,,,,,,,,,,,,,,,,,,,,,,,,,,,,,,,,,,,,,,,,,,,,,,,,,,,,,,,,,,,,,,,,,,,,,,,,,,,,,,,,,,,,,,,,,,,,,,,,,,,,,,,,,,,,,,,,,,,,,,,,,,,,,,,,,,,,,,,,,,,,,,,,,,,,,,,,,,,,,,,,,,,,,,,,,,,,,,,,,,,,,,,,,,,,,,,,,,,,,,,,,,,,,,,,,,,,,,,,,,,,,,,,,,,,,,,,,,,,,,,,,,,,,,,,,,,,,,,,,,,,,,,,,,,,,,,,,,,,,,,,,,,,,,,,,,,,,,,,,,,,,,,,,,,,,,,,,,,,,,,,,,,,,,,,,,,,,,,,,,,,,,,,,,,,,,,,,,,,,,,,,,,,,,,,,,,,,,,,,,,,,,,,,,,,,,,,,,,,,,,,,,,,,,,,,,,,,,,,,,,,,,,,,,,,,,,,,,,,,,,,,,,,,,,,,,,,,,,,,,,,,,,,,,,,,,,,,,,,,,,,,,,,,,,,,,,,,,,,,,,,,,,,,,,,,,,,,,,,,,,,
,,,,,,,,,,,,,,,,,,,,,,,,,,,,,,,,,,,,,,,,,,,,,,,,,,,,,,,,,,,,,,,,,,,,,,,,,,,,,,,,,,,,,,,,,,,,,,,,,,,,,,,,,,,,,,,,,,,,,,,,,,,,,,,,,,,,,,,,,,,,,,,,,,,,,,,,,,,,,,,,,,,,,,,,,,,,,,,,,,,,,,,,,,,,,,,,,,,,,,,,,,,,,,,,,,,,,,,,,,,,,,,,,,,,,,,,,,,,,,,,,,,,,,,,,,,,,,,,,,,,,,,,,,,,,,,,,,,,,,,,,,,,,,,,,,,,,,,,,,,,,,,,,,,,,,,,,,,,,,,,,,,,,,,,,,,,,,,,,,,,,,,,,,,,,,,,,,,,,,,,,,,,,,,,,,,,,,,,,,,,,,,,,,,,,,,,,,,,,,,,,,,,,,,,,,,,,,,,,,,,,,,,,,,,,,,,,,,,,,,,,,,,,,,,,,,,,,,,,,,,,,,,,,,,,,,,,,,,,,,,,,,,,,,,,,,,,,,,,,,,,,,,,,,,,,,,,,,,,,,,,,,,,,,,,,,,,,,,,,,,,,,,,,,,,,,,,,,,,,,,,,,,,,,,,,,,,,,,,,,,,,,,,,,,,,,,,,,,,,,,,,,,,,,,,,,,,,,,,,,,,,,,,,,,,,,,,,,,,,,,,,,,,,,,,,,,,,,,,,,,,,,,,,,,,,,,,,,,,,,,,,,,,,,,,,,,,,,,,,,,,,,,,,,,,,,,,,,,,,,,,,,,,,,,,,,,,,,,,,,,,,,,,,,,,,,,,,,,,,,,,,,,,,,,,,,,,,,,,,,,,,,,,,,,,,,,,,,,,,,,,,,,,,,,,,,,,,,,,,,,,,,,,,,,,,,,,,,,,,,,,,,,,,,,,,,